{"cameraMode":{"drawMode":0,"name":"Shaded","section":"Shading Mode"},"sceneLighting":true,"audioPlay":false,"sceneViewState":{"showFog":true,"showMaterialUpdate":false,"showSkybox":true,"showFlares":true,"showImageEffects":true,"showParticleSystems":true},"in2DMode":false,"pivot":{"x":329.9471740722656,"y":187.64663696289063,"z":-244.70188903808595},"rotation":{"x":0.03779808059334755,"y":-0.01466892659664154,"z":0.00058187689865008,"w":0.9992035031318665},"size":306.0806884765625,"orthographic":false}