{"cameraMode":{"drawMode":0,"name":"Shaded","section":"Shading Mode"},"sceneLighting":false,"audioPlay":false,"sceneViewState":{"showFog":true,"showMaterialUpdate":false,"showSkybox":true,"showFlares":true,"showImageEffects":true,"showParticleSystems":true},"in2DMode":false,"pivot":{"x":132.94876098632813,"y":365.63763427734377,"z":-25.4990234375},"rotation":{"x":0.10796042531728745,"y":0.0510009229183197,"z":-0.005525509361177683,"w":0.992856502532959},"size":801.6011352539063,"orthographic":false}