{"cameraMode":{"drawMode":0,"name":"Shaded","section":"Shading Mode"},"sceneLighting":false,"audioPlay":false,"sceneViewState":{"showFog":true,"showMaterialUpdate":false,"showSkybox":true,"showFlares":true,"showImageEffects":true,"showParticleSystems":true},"in2DMode":false,"pivot":{"x":131.67608642578126,"y":361.81201171875,"z":-138.4775390625},"rotation":{"x":-0.05783374235033989,"y":-0.10580658167600632,"z":-0.006133568473160267,"w":0.9927111268043518},"size":915.2178955078125,"orthographic":false}