{"cameraMode":{"drawMode":0,"name":"Shaded","section":"Shading Mode"},"sceneLighting":false,"audioPlay":false,"sceneViewState":{"showFog":true,"showMaterialUpdate":false,"showSkybox":true,"showFlares":true,"showImageEffects":true,"showParticleSystems":true},"in2DMode":false,"pivot":{"x":236.40283203125,"y":850.4714965820313,"z":-388.7052001953125},"rotation":{"x":-0.5264382362365723,"y":-0.026513712480664254,"z":-0.01640257053077221,"w":0.8496734499931336},"size":506.1704406738281,"orthographic":false}