{"cameraMode":{"drawMode":0,"name":"Shaded","section":"Shading Mode"},"sceneLighting":false,"audioPlay":false,"sceneViewState":{"showFog":true,"showMaterialUpdate":false,"showSkybox":true,"showFlares":true,"showImageEffects":true,"showParticleSystems":true},"in2DMode":false,"pivot":{"x":406.3500061035156,"y":217.40000915527345,"z":0.0},"rotation":{"x":0.16309122741222382,"y":-0.18495965003967286,"z":0.031166311353445054,"w":0.9686446785926819},"size":1343.0985107421875,"orthographic":false}