{"cameraMode":{"drawMode":0,"name":"Shaded","section":"Shading Mode"},"sceneLighting":false,"audioPlay":false,"sceneViewState":{"showFog":true,"showMaterialUpdate":false,"showSkybox":true,"showFlares":true,"showImageEffects":true,"showParticleSystems":true},"in2DMode":false,"pivot":{"x":352.4693603515625,"y":466.33917236328127,"z":-305.8761901855469},"rotation":{"x":0.01979747973382473,"y":0.03780095651745796,"z":-0.000703873171005398,"w":0.9991204142570496},"size":300.85308837890627,"orthographic":false}