{"cameraMode":{"drawMode":0,"name":"Shaded","section":"Shading Mode"},"sceneLighting":false,"audioPlay":false,"sceneViewState":{"showFog":true,"showMaterialUpdate":false,"showSkybox":true,"showFlares":true,"showImageEffects":true,"showParticleSystems":true},"in2DMode":false,"pivot":{"x":142.00704956054688,"y":273.9952087402344,"z":-101.37742614746094},"rotation":{"x":-0.010183868929743767,"y":-0.0356723852455616,"z":-0.00034147067344747484,"w":0.9993382692337036},"size":720.7152099609375,"orthographic":false}