{"cameraMode":{"drawMode":0,"name":"Shaded","section":"Shading Mode"},"sceneLighting":true,"audioPlay":false,"sceneViewState":{"showFog":true,"showMaterialUpdate":false,"showSkybox":true,"showFlares":true,"showImageEffects":true,"showParticleSystems":true},"in2DMode":false,"pivot":{"x":58.64668273925781,"y":38.53191375732422,"z":95.065673828125},"rotation":{"x":0.028797119855880739,"y":0.027307024225592614,"z":-0.0007701797876507044,"w":0.9992378354072571},"size":1602.8046875,"orthographic":false}