{"cameraMode":{"drawMode":0,"name":"Shaded","section":"Shading Mode"},"sceneLighting":false,"audioPlay":false,"sceneViewState":{"showFog":true,"showMaterialUpdate":false,"showSkybox":true,"showFlares":true,"showImageEffects":true,"showParticleSystems":true},"in2DMode":false,"pivot":{"x":94.90424346923828,"y":60.825416564941409,"z":28.550048828125},"rotation":{"x":0.06287933140993118,"y":0.11087214201688767,"z":-0.007020916789770126,"w":0.9918449521064758},"size":2239.615234375,"orthographic":false}