{"cameraMode":{"drawMode":0,"name":"Shaded","section":"Shading Mode"},"sceneLighting":true,"audioPlay":false,"sceneViewState":{"showFog":true,"showMaterialUpdate":false,"showSkybox":true,"showFlares":true,"showImageEffects":true,"showParticleSystems":true},"in2DMode":false,"pivot":{"x":-4.9652581214904789,"y":15.067505836486817,"z":-12.884749412536621},"rotation":{"x":0.3201935887336731,"y":-0.06331676244735718,"z":-0.021454956382513047,"w":-0.9449940323829651},"size":2.357922077178955,"orthographic":false}