{"cameraMode":{"drawMode":0,"name":"Shaded","section":"Shading Mode"},"sceneLighting":false,"audioPlay":false,"sceneViewState":{"showFog":true,"showMaterialUpdate":false,"showSkybox":true,"showFlares":true,"showImageEffects":true,"showParticleSystems":true},"in2DMode":false,"pivot":{"x":208.440673828125,"y":28.025474548339845,"z":16.7015380859375},"rotation":{"x":0.1335383653640747,"y":-0.14040698111057282,"z":0.01913013495504856,"w":0.980887234210968},"size":451.2204895019531,"orthographic":false}