{"cameraMode":{"drawMode":0,"name":"Shaded","section":"Shading Mode"},"sceneLighting":false,"audioPlay":false,"sceneViewState":{"showFog":true,"showMaterialUpdate":false,"showSkybox":true,"showFlares":true,"showImageEffects":true,"showParticleSystems":true},"in2DMode":false,"pivot":{"x":422.6426696777344,"y":299.7414855957031,"z":131.09161376953126},"rotation":{"x":0.04507679492235184,"y":0.09755904972553253,"z":-0.004447729326784611,"w":0.9942172169685364},"size":984.2811279296875,"orthographic":false}