{"cameraMode":{"drawMode":0,"name":"Shaded","section":"Shading Mode"},"sceneLighting":false,"audioPlay":false,"sceneViewState":{"showFog":true,"showMaterialUpdate":false,"showSkybox":true,"showFlares":true,"showImageEffects":true,"showParticleSystems":true},"in2DMode":false,"pivot":{"x":105.79574584960938,"y":350.6115417480469,"z":-242.1399688720703},"rotation":{"x":0.09994404017925263,"y":0.3084118962287903,"z":-0.03257589042186737,"w":0.9454556703567505},"size":379.1658630371094,"orthographic":false}