{"cameraMode":{"drawMode":0,"name":"Shaded","section":"Shading Mode"},"sceneLighting":false,"audioPlay":false,"sceneViewState":{"showFog":true,"showMaterialUpdate":false,"showSkybox":true,"showFlares":true,"showImageEffects":true,"showParticleSystems":true},"in2DMode":false,"pivot":{"x":-1.0037089586257935,"y":-59.77585220336914,"z":15.169780731201172},"rotation":{"x":-0.6094027161598206,"y":0.028988927602767946,"z":-0.022316934540867807,"w":-0.7920404672622681},"size":65.79193115234375,"orthographic":false}