{"cameraMode":{"drawMode":0,"name":"Shaded","section":"Shading Mode"},"sceneLighting":true,"audioPlay":false,"sceneViewState":{"showFog":true,"showMaterialUpdate":false,"showSkybox":true,"showFlares":true,"showImageEffects":true,"showParticleSystems":true},"in2DMode":false,"pivot":{"x":-0.14253824949264527,"y":0.49709486961364748,"z":89.03350067138672},"rotation":{"x":0.2809351682662964,"y":-0.09424855560064316,"z":-0.027737058699131013,"w":-0.9546892642974854},"size":13.99501895904541,"orthographic":false}