{"cameraMode":{"drawMode":0,"name":"Shaded","section":"Shading Mode"},"sceneLighting":true,"audioPlay":false,"sceneViewState":{"showFog":true,"showMaterialUpdate":false,"showSkybox":true,"showFlares":true,"showImageEffects":true,"showParticleSystems":true},"in2DMode":false,"pivot":{"x":1.315000295639038,"y":1.05299973487854,"z":0.0},"rotation":{"x":-0.00011825853289337829,"y":0.9993608593940735,"z":0.03568278253078461,"w":0.0032989869359880687},"size":1.5420777797698975,"orthographic":false}