{"cameraMode":{"drawMode":0,"name":"Shaded","section":"Shading Mode"},"sceneLighting":false,"audioPlay":false,"sceneViewState":{"showFog":true,"showMaterialUpdate":false,"showSkybox":true,"showFlares":true,"showImageEffects":true,"showParticleSystems":true},"in2DMode":false,"pivot":{"x":349.7667236328125,"y":1339.0126953125,"z":-67.4595947265625},"rotation":{"x":-0.14591553807258607,"y":0.05815371498465538,"z":0.008569726720452309,"w":0.9875683188438416},"size":1192.2557373046875,"orthographic":false}