{"cameraMode":{"drawMode":0,"name":"Shaded","section":"Shading Mode"},"sceneLighting":false,"audioPlay":false,"sceneViewState":{"showFog":true,"showMaterialUpdate":false,"showSkybox":true,"showFlares":true,"showImageEffects":true,"showParticleSystems":true},"in2DMode":false,"pivot":{"x":385.3759765625,"y":1947.966552734375,"z":-447.4443359375},"rotation":{"x":-0.2505107522010803,"y":0.17770430445671082,"z":0.046847086399793628,"w":0.9505384564399719},"size":1518.43798828125,"orthographic":false}