{"cameraMode":{"drawMode":0,"name":"Shaded","section":"Shading Mode"},"sceneLighting":false,"audioPlay":false,"sceneViewState":{"showFog":true,"showMaterialUpdate":false,"showSkybox":true,"showFlares":true,"showImageEffects":true,"showParticleSystems":true},"in2DMode":false,"pivot":{"x":0.006768504157662392,"y":0.14326432347297669,"z":-0.003925800323486328},"rotation":{"x":0.00041866127867251635,"y":-0.9995027780532837,"z":0.028805211186408998,"w":0.01563185825943947},"size":0.5783805251121521,"orthographic":false}