{"cameraMode":{"drawMode":0,"name":"Shaded","section":"Shading Mode"},"sceneLighting":false,"audioPlay":false,"sceneViewState":{"showFog":true,"showMaterialUpdate":false,"showSkybox":true,"showFlares":true,"showImageEffects":true,"showParticleSystems":true},"in2DMode":false,"pivot":{"x":3.4028568267822267,"y":-2.0574021339416506,"z":-8.46938705444336},"rotation":{"x":0.13527467846870423,"y":0.7256661653518677,"z":-0.14924460649490357,"w":0.6579381227493286},"size":15.775519371032715,"orthographic":false}