{"cameraMode":{"drawMode":0,"name":"Shaded","section":"Shading Mode"},"sceneLighting":false,"audioPlay":false,"sceneViewState":{"showFog":true,"showMaterialUpdate":false,"showSkybox":true,"showFlares":true,"showImageEffects":true,"showParticleSystems":true},"in2DMode":false,"pivot":{"x":502.002685546875,"y":475.0003662109375,"z":155.75665283203126},"rotation":{"x":-0.028160441666841508,"y":-0.044650640338659289,"z":-0.001213590381667018,"w":0.9986317753791809},"size":904.6014404296875,"orthographic":false}