{"cameraMode":{"drawMode":0,"name":"Shaded","section":"Shading Mode"},"sceneLighting":false,"audioPlay":false,"sceneViewState":{"showFog":true,"showMaterialUpdate":false,"showSkybox":true,"showFlares":true,"showImageEffects":true,"showParticleSystems":true},"in2DMode":false,"pivot":{"x":218.5628662109375,"y":313.24737548828127,"z":-70.33038330078125},"rotation":{"x":0.12987032532691956,"y":0.09238212555646897,"z":-0.012177973985671997,"w":0.9871627688407898},"size":899.1132202148438,"orthographic":false}