{"cameraMode":{"drawMode":0,"name":"Shaded","section":"Shading Mode"},"sceneLighting":false,"audioPlay":false,"sceneViewState":{"showFog":true,"showMaterialUpdate":false,"showSkybox":true,"showFlares":true,"showImageEffects":true,"showParticleSystems":true},"in2DMode":false,"pivot":{"x":458.0940856933594,"y":1873.08984375,"z":-113.65306091308594},"rotation":{"x":0.011680563911795617,"y":0.04108254984021187,"z":0.000475376466056332,"w":-0.9990924596786499},"size":711.3585205078125,"orthographic":false}