{"cameraMode":{"drawMode":0,"name":"Shaded","section":"Shading Mode"},"sceneLighting":false,"audioPlay":false,"sceneViewState":{"showFog":true,"showMaterialUpdate":false,"showSkybox":true,"showFlares":true,"showImageEffects":true,"showParticleSystems":true},"in2DMode":false,"pivot":{"x":187.65960693359376,"y":111.3088607788086,"z":-271.61639404296877},"rotation":{"x":-0.25356027483940127,"y":0.057077806442976,"z":-0.015069708228111267,"w":-0.9655569195747376},"size":178.957275390625,"orthographic":false}