{"cameraMode":{"drawMode":0,"name":"Shaded","section":"Shading Mode"},"sceneLighting":false,"audioPlay":false,"sceneViewState":{"showFog":true,"showMaterialUpdate":false,"showSkybox":true,"showFlares":true,"showImageEffects":true,"showParticleSystems":true},"in2DMode":false,"pivot":{"x":518.5311279296875,"y":1604.3253173828125,"z":-217.11358642578126},"rotation":{"x":0.00031057753949426115,"y":-0.0011808824492618442,"z":0.000045798125938745216,"w":1.0000262260437012},"size":1147.3204345703125,"orthographic":false}