{"cameraMode":{"drawMode":0,"name":"Shaded","section":"Shading Mode"},"sceneLighting":false,"audioPlay":false,"sceneViewState":{"showFog":true,"showMaterialUpdate":false,"showSkybox":true,"showFlares":true,"showImageEffects":true,"showParticleSystems":true},"in2DMode":false,"pivot":{"x":495.71514892578127,"y":455.2563781738281,"z":-18.541046142578126},"rotation":{"x":-0.49406081438064577,"y":0.17741179466247559,"z":0.10374829918146134,"w":0.8447916507720947},"size":517.465087890625,"orthographic":false}