{"cameraMode":{"drawMode":0,"name":"Shaded","section":"Shading Mode"},"sceneLighting":false,"audioPlay":false,"sceneViewState":{"showFog":true,"showMaterialUpdate":false,"showSkybox":true,"showFlares":true,"showImageEffects":true,"showParticleSystems":true},"in2DMode":false,"pivot":{"x":351.1207275390625,"y":1141.2147216796875,"z":-465.5782470703125},"rotation":{"x":0.031796831637620929,"y":0.025801869109272958,"z":-0.0007750294753350318,"w":0.9991923570632935},"size":1500.3876953125,"orthographic":false}