{"cameraMode":{"drawMode":0,"name":"Shaded","section":"Shading Mode"},"sceneLighting":false,"audioPlay":false,"sceneViewState":{"showFog":true,"showMaterialUpdate":false,"showSkybox":true,"showFlares":true,"showImageEffects":true,"showParticleSystems":true},"in2DMode":false,"pivot":{"x":47.929351806640628,"y":52.469791412353519,"z":-29.16400718688965},"rotation":{"x":-0.6094027161598206,"y":0.028988927602767946,"z":-0.022316934540867807,"w":-0.7920404672622681},"size":14.536272048950196,"orthographic":false}