{"cameraMode":{"drawMode":0,"name":"Shaded","section":"Shading Mode"},"sceneLighting":false,"audioPlay":false,"sceneViewState":{"showFog":true,"showMaterialUpdate":false,"showSkybox":true,"showFlares":true,"showImageEffects":true,"showParticleSystems":true},"in2DMode":false,"pivot":{"x":-16.073806762695314,"y":777.0634765625,"z":-283.7340393066406},"rotation":{"x":-0.3184410035610199,"y":0.20977838337421418,"z":0.0725230872631073,"w":0.9216198921203613},"size":386.77264404296877,"orthographic":false}