{"cameraMode":{"drawMode":0,"name":"Shaded","section":"Shading Mode"},"sceneLighting":false,"audioPlay":false,"sceneViewState":{"showFog":true,"showMaterialUpdate":false,"showSkybox":true,"showFlares":true,"showImageEffects":true,"showParticleSystems":true},"in2DMode":false,"pivot":{"x":196.30975341796876,"y":425.7342834472656,"z":-111.15058898925781},"rotation":{"x":-0.02814723737537861,"y":-0.0536363385617733,"z":-0.0014870488084852696,"w":0.9981896877288818},"size":388.6861572265625,"orthographic":false}