{"cameraMode":{"drawMode":0,"name":"Shaded","section":"Shading Mode"},"sceneLighting":false,"audioPlay":false,"sceneViewState":{"showFog":true,"showMaterialUpdate":false,"showSkybox":true,"showFlares":true,"showImageEffects":true,"showParticleSystems":true},"in2DMode":false,"pivot":{"x":401.60797119140627,"y":72.48336791992188,"z":80.83111572265625},"rotation":{"x":-0.028141437098383905,"y":0.05577016994357109,"z":0.0015917714918032289,"w":0.9980713725090027},"size":646.9624633789063,"orthographic":false}