{"cameraMode":{"drawMode":0,"name":"Shaded","section":"Shading Mode"},"sceneLighting":false,"audioPlay":false,"sceneViewState":{"showFog":true,"showMaterialUpdate":false,"showSkybox":true,"showFlares":true,"showImageEffects":true,"showParticleSystems":true},"in2DMode":false,"pivot":{"x":-1.283050537109375,"y":-22.440032958984376,"z":0.49908190965652468},"rotation":{"x":0.6949158906936646,"y":-0.0061851260252296928,"z":0.006090615876019001,"w":0.7190811038017273},"size":28.20390510559082,"orthographic":false}