{"cameraMode":{"drawMode":0,"name":"Shaded","section":"Shading Mode"},"sceneLighting":false,"audioPlay":false,"sceneViewState":{"showFog":true,"showMaterialUpdate":false,"showSkybox":true,"showFlares":true,"showImageEffects":true,"showParticleSystems":true},"in2DMode":false,"pivot":{"x":0.8066195845603943,"y":1.7224050760269166,"z":1.0422221422195435},"rotation":{"x":-0.03445521369576454,"y":-0.958543062210083,"z":0.25019311904907229,"w":-0.13222332298755647},"size":2.152056932449341,"orthographic":false}