{"cameraMode":{"drawMode":0,"name":"Shaded","section":"Shading Mode"},"sceneLighting":false,"audioPlay":false,"sceneViewState":{"showFog":true,"showMaterialUpdate":false,"showSkybox":true,"showFlares":true,"showImageEffects":true,"showParticleSystems":true},"in2DMode":false,"pivot":{"x":47.929351806640628,"y":52.469791412353519,"z":-29.16400718688965},"rotation":{"x":0.009298048913478852,"y":0.05429277569055557,"z":-0.00048512121429666877,"w":0.9985071420669556},"size":22.0,"orthographic":false}