{"cameraMode":{"drawMode":0,"name":"Shaded","section":"Shading Mode"},"sceneLighting":false,"audioPlay":false,"sceneViewState":{"showFog":true,"showMaterialUpdate":false,"showSkybox":true,"showFlares":true,"showImageEffects":true,"showParticleSystems":true},"in2DMode":false,"pivot":{"x":321.6364440917969,"y":226.3916778564453,"z":-144.61328125},"rotation":{"x":-0.005689613521099091,"y":-0.008680872619152069,"z":-0.000016213392882491462,"w":0.9999718070030212},"size":534.322998046875,"orthographic":false}