{"cameraMode":{"drawMode":0,"name":"Shaded","section":"Shading Mode"},"sceneLighting":false,"audioPlay":false,"sceneViewState":{"showFog":true,"showMaterialUpdate":false,"showSkybox":true,"showFlares":true,"showImageEffects":true,"showParticleSystems":true},"in2DMode":false,"pivot":{"x":340.4840087890625,"y":710.5833129882813,"z":-133.54974365234376},"rotation":{"x":-0.2978821098804474,"y":0.03608723357319832,"z":0.0112911406904459,"w":0.9538803100585938},"size":899.7578125,"orthographic":false}