{"cameraMode":{"drawMode":0,"name":"Shaded","section":"Shading Mode"},"sceneLighting":false,"audioPlay":false,"sceneViewState":{"showFog":true,"showMaterialUpdate":false,"showSkybox":true,"showFlares":true,"showImageEffects":true,"showParticleSystems":true},"in2DMode":false,"pivot":{"x":618.6605224609375,"y":1422.0982666015625,"z":41.3575439453125},"rotation":{"x":-0.025723328813910486,"y":-0.08029031753540039,"z":0.002071614842861891,"w":-0.9964417815208435},"size":2010.398681640625,"orthographic":false}